id,sequence,score,conclusion
htl_ugm,QSLLIVNNATNVVIK,0.4343,NON-ANTIGEN
htl_ugm,SLLIVNNATNVVIKV,0.4707,NON-ANTIGEN
htl_ugm,TQSLLIVNNATNVVI,0.4333,NON-ANTIGEN
htl_ugm,KTQSLLIVNNATNVV,0.6303,ANTIGEN
htl_ugm,LLIVNNATNVVIKVC,0.0998,NON-ANTIGEN
htl_ugm,FGEVFNATRFASVYA,0.0415,NON-ANTIGEN
htl_ugm,GEVFNATRFASVYAW,-0.1202,NON-ANTIGEN
htl_ugm,PFGEVFNATRFASVY,0.0331,NON-ANTIGEN
htl_ugm,EVFNATRFASVYAWN,0.0832,NON-ANTIGEN
htl_ugm,VFNATRFASVYAWNR,0.0745,NON-ANTIGEN
htl_ugm,TQQLIRAAEIRASAN,0.0522,NON-ANTIGEN
htl_ugm,QQLIRAAEIRASANL,0.1269,NON-ANTIGEN
htl_ugm,VTQQLIRAAEIRASA,0.1268,NON-ANTIGEN
htl_ugm,QLIRAAEIRASANLA,0.2407,NON-ANTIGEN
htl_ugm,LIRAAEIRASANLAA,0.2895,NON-ANTIGEN
htl_ugm,THWFVTQRNFYEPQI,0.3884,NON-ANTIGEN
htl_ugm,CPFGEVFNATRFASV,0.2975,NON-ANTIGEN
htl_ugm,YVTQQLIRAAEIRAS,0.1896,NON-ANTIGEN
htl_ugm,GINITRFQTLLALHR,0.5582,ANTIGEN
htl_ugm,DSSSGWTAGAAAYYV,0.3802,NON-ANTIGEN
htl_ugm,AAEIRASANLAATKM,0.7125,ANTIGEN
htl_ugm,SSGWTAGAAAYYVGY,0.4136,NON-ANTIGEN
htl_ugm,SSSGWTAGAAAYYVG,0.3467,NON-ANTIGEN
htl_ugm,SGWTAGAAAYYVGYL,0.4157,NON-ANTIGEN
htl_ugm,GTHWFVTQRNFYEPQ,0.2274,NON-ANTIGEN
htl_ugm,HWFVTQRNFYEPQII,0.5225,ANTIGEN
htl_ugm,INITRFQTLLALHRS,0.4118,NON-ANTIGEN
htl_ugm,NGTHWFVTQRNFYEP,0.1638,NON-ANTIGEN
htl_ugm,CTFEYVSQPFLMDLE,0.5700,ANTIGEN
htl_ugm,IIAYTMSLGAENSVA,0.5426,ANTIGEN
htl_ugm,AEIRASANLAATKMS,0.8255,ANTIGEN
htl_ugm,NCTFEYVSQPFLMDL,0.5206,ANTIGEN
htl_ugm,RFQTLLALHRSYLT,0.3481,NON-ANTIGEN
